cytokine,degree_centrality,betweenness_centrality,eigenvector_centrality
IL10,0.9500000000000001,0.021052631578947368,0.26549639080026555
IFNG,0.9,0.04736842105263158,0.2570317445927743
TNF,0.9,0.11578947368421053,0.2556770829768625
IL4,0.9,0.02631578947368421,0.2607809729386555
IL6,0.9,0.005263157894736842,0.2640328818520724
CXCL8,0.8500000000000001,0.021052631578947368,0.25177672732029754
IL17A,0.8500000000000001,0.0,0.24931078302350673
IL1B,0.8500000000000001,0.0,0.26022453783629107
IL13,0.8500000000000001,0.02631578947368421,0.250272507590836
IL2,0.8,0.010526315789473684,0.2463516358781823
CCL2,0.8,0.021052631578947368,0.23672964381202116
IL5,0.75,0.0,0.23655969215258393
IL9,0.75,0.010526315789473684,0.22461838283349428
CCL11,0.7000000000000001,0.0,0.21776331811564933
CXCL10,0.7000000000000001,0.0,0.21814501048826485
IL22,0.65,0.005263157894736842,0.1849839895408553
TGFB1,0.55,0.0,0.1680566839665792
IL1RN,0.4,0.0,0.11936129927503142
IL23A,0.35000000000000003,0.0,0.08695736843963513
IL12B,0.25,0.09999999999999999,0.04497296103471289
IL12A,0.05,0.0,0.0030840032845665098
