cytokine,degree,betweenness,eigenvector
IL6,0.7000000000000001,0.2061904761904762,0.3457865359941581
IL10,0.65,0.24536340852130326,0.3090259065045789
CCL2,0.55,0.08363408521303259,0.3140444063767639
TNF,0.5,0.023107769423558893,0.30797069533653715
IL1B,0.5,0.023107769423558893,0.30797069533653715
CXCL8,0.5,0.023107769423558893,0.30797069533653715
IL12A,0.5,0.012656641604010024,0.30618698912968256
IL12B,0.5,0.012656641604010024,0.30618698912968256
CXCL10,0.45,0.034210526315789476,0.2744738511045975
IL4,0.35000000000000003,0.16892230576441103,0.1750806224108573
IL13,0.35000000000000003,0.0,0.23472202860238872
IL23A,0.30000000000000004,0.009649122807017543,0.15660697485842384
IL17A,0.25,0.0837092731829574,0.10058528380998352
TGFB1,0.2,0.0,0.09747606851635238
IL2,0.2,0.11578947368421053,0.032199240550152906
CCL11,0.1,0.0,0.06290105285645038
IL9,0.1,0.0,0.022154252787630363
IL5,0.05,0.0,0.0034415503604028714
IFNG,0.05,0.0,0.036957928721192766
IL1RN,0.05,0.0,0.03302895872965796
IL22,0.05,0.0,0.03302895872965796
