cytokine,community_id,degree_centrality,betweenness_centrality,eigenvector_centrality
IL6,0,0.9,0.0052631578947368,0.2640328818520724
IL4,0,0.9,0.0263157894736842,0.2607809729386555
TNF,0,0.9,0.1157894736842105,0.2556770829768625
IL1B,0,0.8500000000000001,0.0,0.260224537836291
IL13,0,0.8500000000000001,0.0263157894736842,0.250272507590836
CXCL8,0,0.8500000000000001,0.0210526315789473,0.2517767273202975
CCL2,0,0.8,0.0210526315789473,0.2367296438120211
IL2,0,0.8,0.0105263157894736,0.2463516358781823
IL5,0,0.75,0.0,0.2365596921525839
IL9,0,0.75,0.0105263157894736,0.2246183828334942
CCL11,0,0.7000000000000001,0.0,0.2177633181156493
CXCL10,0,0.7000000000000001,0.0,0.2181450104882648
TGFB1,0,0.55,0.0,0.1680566839665792
IL1RN,0,0.4,0.0,0.1193612992750314
IL10,1,0.95,0.0210526315789473,0.2654963908002655
IFNG,1,0.9,0.0473684210526315,0.2570317445927743
IL17A,1,0.8500000000000001,0.0,0.2493107830235067
IL22,1,0.65,0.0052631578947368,0.1849839895408553
IL23A,1,0.35,0.0,0.0869573684396351
IL12B,1,0.25,0.0999999999999999,0.0449729610347128
IL12A,1,0.05,0.0,0.0030840032845665
