version,threshold,n_edges,density,n_isolated,n_communities,modularity_weighted,modularity_unweighted,modularity_random_mean,z_score
all_channels,0.4,191,0.91,0,2,0.017,,,
all_channels,0.7,152,0.724,0,2,0.053,0.057,0.036,3.02
all_channels,0.9,97,0.462,0,3,0.13,0.127,0.094,3.24
no_textmining,0.4,74,0.352,0,5,0.242,0.216,0.142,5.4
no_textmining,0.7,22,0.105,2,5,0.639,0.625,0.48,4.23
no_textmining,0.9,13,0.062,5,5,0.743,0.746,0.644,2.49
experimental_database,0.4,69,0.329,0,5,0.264,0.222,0.143,5.92
experimental_database,0.7,16,0.076,3,5,0.739,0.732,0.601,3.65
experimental_database,0.9,11,0.052,7,5,0.757,0.76,0.624,4.51
