cytokine_A,cytokine_B,jaccard,adamic_adar,common_neighbors,rank_jaccard,rank_adamic_adar,rank_common_neighbors,composite_rank_score
CXCL10,IL22,0.8,4.234565298758879,12,1.5,2.0,2.0,1.8333333333333333
IL22,CCL11,0.8,4.234565298758879,12,1.5,2.0,2.0,1.8333333333333333
IL22,CCL2,0.7058823529411765,4.234565298758879,12,9.0,2.0,2.0,4.333333333333333
CXCL10,TGFB1,0.7857142857142857,3.8567003128434085,11,3.5,5.5,5.5,4.833333333333333
TGFB1,CCL11,0.7857142857142857,3.8567003128434085,11,3.5,5.5,5.5,4.833333333333333
TGFB1,IL5,0.7333333333333333,3.8567003128434085,11,5.5,5.5,5.5,5.5
IL9,TGFB1,0.7333333333333333,3.8567003128434085,11,5.5,5.5,5.5,5.5
IL22,TGFB1,0.7142857142857143,3.4960265526211685,10,8.0,8.0,8.0,8.0
TGFB1,IL1RN,0.7272727272727273,2.7970941724952136,8,7.0,12.5,12.5,10.666666666666666
CXCL10,IL1RN,0.5714285714285714,2.7970941724952136,8,10.5,12.5,12.5,11.833333333333334
CCL11,IL1RN,0.5714285714285714,2.7970941724952136,8,10.5,12.5,12.5,11.833333333333334
IL9,IL1RN,0.5333333333333333,2.7970941724952136,8,12.5,12.5,12.5,12.5
IL5,IL1RN,0.5333333333333333,2.7970941724952136,8,12.5,12.5,12.5,12.5
IL1RN,IL2,0.5,2.7970941724952136,8,14.5,12.5,12.5,13.166666666666666
IL17A,IL1RN,0.47058823529411764,2.7970941724952136,8,16.0,12.5,12.5,13.666666666666666
