cytokine_A,cytokine_B,score,tscore,score_all
IL13,IL10,2.967427982630457,0.956,0.9567799791449426
IL13,CXCL10,2.967427982630457,0.808,0.808
IL12A,IL4,2.098839018823953,0.329,0.3751793534932222
IL10,IL4,2.098839018823953,0.977,0.977
IL13,IL4,2.098839018823953,0.986,0.9892408759124088
IL4,CXCL10,2.098839018823953,0.815,0.8177007299270073
IL12B,IL4,2.098839018823953,0.482,0.49928467153284667
IL23A,TNF,1.6373833907477346,0.727,0.7628686131386861
IL23A,CXCL8,1.6373833907477346,0.418,0.4513785192909281
IL23A,CCL2,1.6373833907477346,0.384,0.38400000000000006
IL23A,IL1B,1.6373833907477346,0.606,0.6347591240875913
IL23A,CXCL10,1.6373833907477346,0.606,0.6199687174139729
TGFB1,IL12A,1.3269050534924784,0.186,0.18684880083420222
IL17A,IL12B,1.3269050534924784,0.299,0.3662492179353493
IL12A,IL17A,1.3269050534924784,0.235,0.2852554744525548
